Lien,Category
https://x.com/Yaugourt/status/1883070449417949380,HIP-2: Hyperliquidity
https://www.blocmates.com/articles/hip-3-explained-why-hyperliquid-will-flip-binance,HiP-3: Builder-Deployed Perpetuals
https://x.com/0xOmnia/status/1929537413660983568,HIP-1: Native token standard
https://hyperliquid.gitbook.io/hyperliquid-docs/hyperliquid-improvement-proposals-hips/hip-1-native-token-standard,HIP-1: Native token standard
https://hyperliquid.gitbook.io/hyperliquid-docs/hyperliquid-improvement-proposals-hips/hip-2-hyperliquidity,HIP-2: Hyperliquidity
https://hyperliquid.gitbook.io/hyperliquid-docs/hyperliquid-improvement-proposals-hips/hip-3-builder-deployed-perpetuals,HiP-3: Builder-Deployed Perpetuals
https://x.com/0xOmnia/status/1930364094017876019?ref_src=twsrc%5Etfw%7Ctwcamp%5Etweetembed%7Ctwterm%5E1930364094017876019%7Ctwgr%5Eda6b5bd8e32b99cb5af7be7a5db5e90f941c7389%7Ctwcon%5Es1_&ref_url=https%3A%2F%2Fhl.eco%2F,HIP-2: Hyperliquidity
https://x.com/Yaugourt/status/1873689238673228105,HIP-1: Native token standard
https://x.com/OAK_Res_EN/status/1929917111695966582,HiP-3: Builder-Deployed Perpetuals
https://x.com/xulian_hl/status/1813397274237546499,HIP-1: Native token standard
https://x.com/xulian_hl/status/1813397274237546499,HIP-2: Hyperliquidity
https://hyperliquid-co.gitbook.io/wiki/architecture/hypercore/hips/spot-deployments-hip-1-hip-2,HIP-2: Hyperliquidity
https://hyperliquid-co.gitbook.io/wiki/architecture/hypercore/hips/spot-deployments-hip-1-hip-2,HIP-1: Native token standard
https://hyperliquid-co.gitbook.io/wiki/architecture/hypercore/hips/perp-deployments-hip-3,HiP-3: Builder-Deployed Perpetuals
https://blog.mevx.io/hyperliquid/hyperliquid-hip-2,HIP-2: Hyperliquidity
https://mint-ventures.medium.com/a-quick-overview-of-hyperliquid-current-product-status-economic-model-and-valuation-bd82bfcfd802#:~:text=HIP%2D1%20(Decentralized%20Listing%20Mechanism),HIP-1: Native token standard
https://mint-ventures.medium.com/a-quick-overview-of-hyperliquid-current-product-status-economic-model-and-valuation-bd82bfcfd802#:~:text=HIP%2D2%20(Hyperliquid%E2%80%99s%20AMM),HIP-2: Hyperliquidity
https://www.blocmates.com/articles/hip-3-explained-why-hyperliquid-will-flip-binance,HiP-3: Builder-Deployed Perpetuals
https://mpost.io/hyperliquid-unveils-hip-1-spot-token-deployment-function-on-its-mainnet-and-recommends-testing-for-smooth-deployment//,HIP-1: Native token standard
https://x.com/Hombreai/status/1943071869587902754?ref_src=twsrc%5Etfw%7Ctwcamp%5Etweetembed%7Ctwterm%5E1943071869587902754%7Ctwgr%5Eda6b5bd8e32b99cb5af7be7a5db5e90f941c7389%7Ctwcon%5Es1_&ref_url=https%3A%2F%2Fhl.eco%2F,HIP-3: Builder-Deployed Perpetuals
https://x.com/_Fullport/status/1929915086555992149,HIP-3: Builder-Deployed Perpetuals
https://x.com/OAK_Res_EN/status/1929917111695966582,HIP-3: Builder-Deployed Perpetuals
https://x.com/mesky_/status/1937118753361400011,HIP-3: Builder-Deployed Perpetuals
https://x.com/0xNairolf/status/1929837412949131484,HIP-3: Builder-Deployed Perpetuals
https://x.com/Kaffchad/status/1942969677833290055,HIP-3: Builder-Deployed Perpetuals
https://x.com/0xBroze/status/1923723397747351763,HIP-3: Builder-Deployed Perpetuals
https://x.com/blockworksres/status/1922321702715064770,HIP-3: Builder-Deployed Perpetuals
https://x.com/RedactedRes/status/1940145209515680114,HIP-3: Builder-Deployed Perpetuals
https://hyperliquid.gitbook.io/hyperliquid-docs/hypercore/overview,HyperCore
https://skygg.substack.com/p/beginnerintermediate-guide-to-hypercore,HyperCore
https://skygg.substack.com/i/158855966/hyperevm,HyperEVM
https://medium.com/@dartmouthblockchain/understanding-hyperliquid-a-comprehensive-overview-f8a5ed1823a0,HyperLiquid
https://www.quicknode.com/guides/other-chains/hyperliquid/read-hypercore-oracle-prices-in-hyperevm,HyperCore Oracle
https://medium.com/@gwrx2005/hyperliquid-on-chain-order-book-6df27cbce416,Order Book
https://x.com/xulian_hl/status/1919617689124794692?ref_src=twsrc%5Etfw%7Ctwcamp%5Etweetembed%7Ctwterm%5E1919617689124794692%7Ctwgr%5E0568ec0147de200a5e37af0f23f255ad9d1ae8eb%7Ctwcon%5Es1_&ref_url=https%3A%2F%2Fhl.eco%2F,Read precompiles
https://x.com/HyperFND/status/1891730068151599464,HyperEVM
https://x.com/Hombreai/status/1916951262697828455?ref_src=twsrc%5Etfw%7Ctwcamp%5Etweetembed%7Ctwterm%5E1916951262697828455%7Ctwgr%5Ec947445b1115e0c242ccbdea25e4718a1c878db1%7Ctwcon%5Es1_&ref_url=https%3A%2F%2Fhl.eco%2F,Read precompiles
https://x.com/HyperliquidX/status/1653212460017664000?ref_src=twsrc%5Etfw%7Ctwcamp%5Etweetembed%7Ctwterm%5E1653212460017664000%7Ctwgr%5Ec947445b1115e0c242ccbdea25e4718a1c878db1%7Ctwcon%5Es1_&ref_url=https%3A%2F%2Fhl.eco%2F,Order Book
https://x.com/HyperliquidX/status/1792393508101439800?ref_src=twsrc%5Etfw%7Ctwcamp%5Etweetembed%7Ctwterm%5E1792393508101439800%7Ctwgr%5Ec947445b1115e0c242ccbdea25e4718a1c878db1%7Ctwcon%5Es1_&ref_url=https%3A%2F%2Fhl.eco%2F,HyperEVM
https://x.com/chameleon_jeff/status/1787140092735185365?ref_src=twsrc%5Etfw%7Ctwcamp%5Etweetembed%7Ctwterm%5E1787140092735185365%7Ctwgr%5Ec947445b1115e0c242ccbdea25e4718a1c878db1%7Ctwcon%5Es1_&ref_url=https%3A%2F%2Fhl.eco%2F,HyperCore
https://www.blocmates.com/articles/a-complete-guide-to-hyperliquid,HyperLiquid
https://hyperliquid.gitbook.io/hyperliquid-docs/hyperevm,HyperEVM
https://hyperliquid.gitbook.io/hyperliquid-docs/trading/builder-codes,Builder codes
https://hyperliquid-co.gitbook.io/wiki/guide/builder-guide/hypercore/builder-codes,Builder codes
https://x.com/xulian_hl/status/1910188302579458173,Builder codes
https://www.luganodes.com/blog/hyperliquid-dex-deepdive/,HyperCore
https://medium.com/@ambitlabs/the-not-so-definitive-guide-to-hyperliquid-precompiles-f0b6025bb4a3,Read precompiles
https://medium.com/@ambitlabs/hyperliquid-l1-interactions-reading-a-price-b9b70801651f,Read precompiles
https://x.com/0xBroze/status/1938603649917153661,Builder codes
https://x.com/0xPicasso/status/1932111961929760787,Builder codes
https://x.com/Grantblocmates/status/1937812060999733596,HIP-3: Builder-Deployed Perpetuals
https://x.com/hyperpc_/status/1940374952408170905,HyperEVM Block
https://x.com/arndxt_xo/status/1941135036763316334,Thesis
https://x.com/SKYGG_Official/status/1941091921130316102,Hyperliquid
https://x.com/GLC_Research/status/1937487051768688946,Thesis
https://x.com/Decentralisedco/status/1937877879683227990,Thesis
https://www.youtube.com/playlist?list=PLYwlkOYil2ZmK4op7wPwmFnqFBlNgI_fb,Podcast
https://hyperpc.app/blog/hyperliquid-improvement-proposals, HIP (HyperLiquid improvement proposal)
https://hyperpc.app/blog/what-is-hyperliquid,HyperLiquid
https://hyperpc.app/blog/what-is-hypercore,HyperCore
https://hyperpc.app/blog/best-hyperliquid-validator,Validator
https://hyperliquid.gitbook.io/hyperliquid-docs/validators,Validator
https://hyperpc.app/blog/what-is-hyperevm,HyperEVM
https://x.com/0xBroze/status/1936053726629810564,HLP 
https://x.com/ManoppoMarco/status/1935550903580508443,DeFi
https://x.com/Mars_DeFi/status/1935277933184073992,HIP-3: Builder-Deployed Perpetuals
https://x.com/0xOmnia/status/1933690081836982764,Thesis
https://hyperliquid-co.gitbook.io/wiki/architecture/hyperbft/staking,Validator
https://x.com/Artommy_/status/1931092538901012555,HyperLiquid
https://x.com/a1research__/status/1930368431376719974,Thesis
https://x.com/emaverick90/status/1930583157021024272,Thesis
https://x.com/KurtG/status/1929942347048964195,HyperEVM
https://x.com/defiance_cr/status/1927139854720106886,HyperLiquid
https://x.com/emaverick90/status/1924805040121815399,Precompiles
https://x.com/TheHyperPodcast/status/1930986669215293693,Podcast
https://x.com/TheHyperPodcast/status/1935368303679312316,Podcast
https://x.com/TheHyperPodcast/status/1929563314691908047,Podcast
https://x.com/TheHyperPodcast/status/1928737437418664395,Podcast
https://x.com/TheHyperPodcast/status/1927012204412391568,Podcast
https://x.com/TheHyperPodcast/status/1925935400092090380,Podcast
https://x.com/TheHyperPodcast/status/1924786634454598074,Podcast
https://x.com/0xTindorr/status/1920499759732961443,Thesis
https://x.com/emaverick90/status/1917174962168750562,Thesis
https://x.com/emaverick90/status/1912446583183990909,HyperLiquid
https://x.com/0xOmnia/status/1912171144649601508,Thesis
https://x.com/andyhyfi/status/1904606627409408434,HyperEVM
https://x.com/defi_mimi/status/1903042750624436440,Builder codes
https://x.com/xulian_hl/status/1757590075980788217,Perpetual
https://x.com/0xlykt/status/1900951564216672374,Thesis
https://x.com/0xBroze/status/1900525372707574012,CoreWriter
https://x.com/vikramcantsingh/status/1900147732008075398,Thesis
https://hyperliquid-co.gitbook.io/wiki/architecture/hypercore,HyperCore
https://hyperliquid-co.gitbook.io/wiki/architecture/hyperevm,HyperEVM
https://x.com/SKYTONET_/status/1940739176548249714,CoreWriter
https://x.com/blockworksres/status/1940772945586278410,CoreWriter
https://x.com/emaverick90/status/1926966482765812056,Precompiles
https://x.com/emaverick90/status/1926966482765812056,Oracles
https://x.com/emaverick90/status/1919727174426284488,Precompiles
https://x.com/ruvaag/status/1904275480880308588,Perpetual
https://x.com/chameleon_jeff/status/1898739434000191823,HyperLiquid
https://x.com/shaundadevens/status/1941118207060058298,CoreWriter
https://x.com/Yaugourt/status/1908292918512919003,Governance
https://hyperliquid.gitbook.io/hyperliquid-docs/hypercore/vaults,Vaults
https://hyperliquid.gitbook.io/hyperliquid-docs/hypercore/order-book,Order Book
https://hyperliquid.gitbook.io/hyperliquid-docs/hypercore/multi-sig,Multisig
https://x.com/13300RPM/status/1931944186108105187,Farming
https://x.com/zaimiriQ/status/1939708063944204383,Farming
https://x.com/Gyome1_/status/1934189404773617811,Farming
https://x.com/0xHvdes/status/1935738738375860346,Farming
https://x.com/hypingbull/status/1933549108863570053,Farming
https://x.com/zaimiriQ/status/1943397354805301529,Farming
https://x.com/Ronin9x/status/1933819860263600285,Farming
https://x.com/ZkSplash/status/1943235265457459258,Farming
https://x.com/G1roha/status/1942749512780419517,Farming
https://x.com/OxTochi/status/1940505415831228650,Farming
https://x.com/HyperliquidEco/status/1936736816448602385,Farming
https://x.com/HarryTandy/status/1929597814080000146,Farming
https://x.com/DidiTrading/status/1918383702058647820,Farming
https://x.com/thegliderJ/status/1934228794715389962,Farming
https://x.com/NPC_68/status/1936393671848673785,Farming
https://x.com/NPC_68/status/1936759574607880552,Farming
https://x.com/NPC_68/status/1937480829883609560,Farming
https://x.com/NPC_68/status/1937846486680932539,Farming
https://x.com/NPC_68/status/1938208622980567182,Farming
https://x.com/NPC_68/status/1938568494486036881,Farming
https://x.com/NPC_68/status/1938934405072068733,Farming
https://x.com/NPC_68/status/1940380434333892960,Farming
https://x.com/NPC_68/status/1940747350525579699,Farming
https://x.com/NPC_68/status/1942193379208556594,Farming
,
,
https://x.com/Oggy_Defi/status/1973971423635914930,Commentary
https://x.com/Obesepotato_hl/status/1973820979018084455,HyperEVM
https://x.com/pvp_dot_trade/status/1970532910299259233,Interview
https://x.com/HyperETH_/status/1970379839187362135,Interview
https://medium.com/@ambitlabs/demystifying-the-hyperliquid-precompiles-and-corewriter-ef4507eb17ef,CoreWriter
https://x.com/jon_charb/status/1970117627017105554,Proposal
https://x.com/MaelstromFund/status/1969988195241865342,Analysis
https://x.com/0xBroze/status/1969389692505506108,Proposal
https://x.com/GLC_Research/status/1967997187104596364,Analysis
https://x.com/0xBroze/status/1968298732493156511,USDH
https://x.com/0xLouisT/status/1967624509164306594,USDH
https://x.com/OverdraftX/status/1967993740200399183,Liquidity
https://x.com/0x_Skipperz/status/1967974156659834999,Market maker
https://www.bedlamresear.ch/posts/hip-4-event-perpetuals/,Governance
https://x.com/the_smart_ape/status/1967501710416396561,Market maker
https://x.com/0xIzdevs/status/1966286819550437528,Market maker
https://x.com/Oggy_Defi/status/1965856979022393380,USDH
https://x.com/IMCTrading/status/1965472476965585166,USDH
https://www.hypurr.co/blog-posts/uncoil-x-hypurrco-community-research-hyperbeat,HypurrCollective
https://x.com/0xMojojo/status/1963965438351777933,DEX
https://x.com/hyperlendx/status/1968737885575602200,Lending
https://oakresearch.io/en/analyses/investigations/hyperliquid-usdh-war-detailed-analysis-opinion-proposals,USDH
https://x.com/CMT_Digital/status/1963641622912274870,HIP-3: Builder-Deployed Perpetuals
https://x.com/0xBroze/status/1963593067593617880,Auction
https://x.com/0xReaz/status/1963597843714671066,Trading
https://www.bedlamresear.ch/posts/from-backrooms-to-builder-codes/,Builder codes
https://x.com/edison0xyz/status/1961451005759070600,Builder codes
https://x.com/0xReaz/status/1958185757375447236,Builder codes
https://x.com/0xBroze/status/1960344769416016194,HIP-3: Builder-Deployed Perpetuals
https://x.com/lzminsky/status/1961100589187604779,Analysis
https://x.com/Henrik_on_HL/status/1956310225968894075,Stablecoin
https://x.com/GLC_Research/status/1955965690776838431,Analysis
https://oakresearch.io/en/reports/protocols/hyperliquid-hype-s1-2025-activity-report,Analysis
https://defiprime.com/hyperliquid-vs-aster,Competitor
https://x.com/arjunnchand/status/1968689453846688049,Analysis
https://glcresearch.xyz/why-hype-is-so-cheap-the-token-risk-premium/,HYPE